timestep,mean_clip_score,mean_lpips
1000.0000,0.381370,0.543806
998.0000,0.381370,0.543806
996.0000,0.377303,0.513758
994.0000,0.376706,0.497066
992.0000,0.376706,0.497066
990.0000,0.376706,0.497066
988.0000,0.374643,0.489316
986.0000,0.371695,0.486506
984.0000,0.371954,0.485751
982.0000,0.371954,0.485751
980.0000,0.368598,0.486911
978.0000,0.365426,0.492420
976.0000,0.365426,0.492420
974.0000,0.365426,0.492420
972.0000,0.364763,0.493228
970.0000,0.360412,0.500460
968.0000,0.360412,0.500460
966.0000,0.360412,0.500460
964.0000,0.358215,0.506552
962.0000,0.357024,0.509282
960.0000,0.357024,0.509282
958.0000,0.357024,0.509282
956.0000,0.355344,0.512359
954.0000,0.351304,0.518996
952.0000,0.351304,0.518996
950.0000,0.351304,0.518996
948.0000,0.350002,0.524357
946.0000,0.349790,0.526844
944.0000,0.349790,0.526844
942.0000,0.349790,0.526844
940.0000,0.347467,0.529858
938.0000,0.344608,0.536327
936.0000,0.344608,0.536327
934.0000,0.344608,0.536327
932.0000,0.342991,0.540495
930.0000,0.340992,0.544426
928.0000,0.340888,0.543806
926.0000,0.340888,0.543806
924.0000,0.341299,0.545821
922.0000,0.338701,0.548479
920.0000,0.338701,0.548479
918.0000,0.338701,0.548479
916.0000,0.336406,0.550906
914.0000,0.334894,0.557979
912.0000,0.334894,0.557979
910.0000,0.334894,0.557979
908.0000,0.329422,0.563081
906.0000,0.319568,0.567235
904.0000,0.319568,0.567235
902.0000,0.319531,0.566747
900.0000,0.315766,0.572533
898.0000,0.311115,0.578582
896.0000,0.311115,0.578582
894.0000,0.311115,0.578582
892.0000,0.305960,0.582308
890.0000,0.298364,0.586026
888.0000,0.298364,0.586026
886.0000,0.298364,0.586026
884.0000,0.298521,0.587398
882.0000,0.290583,0.589827
880.0000,0.290583,0.589827
878.0000,0.290583,0.589827
876.0000,0.291480,0.589343
874.0000,0.286869,0.594195
872.0000,0.286869,0.594195
870.0000,0.286869,0.594195
868.0000,0.287502,0.596695
866.0000,0.283627,0.596524
864.0000,0.283627,0.596524
862.0000,0.283627,0.596524
860.0000,0.283472,0.597024
858.0000,0.283382,0.597539
856.0000,0.283382,0.597539
854.0000,0.282704,0.596993
852.0000,0.275560,0.600334
850.0000,0.275723,0.599482
848.0000,0.275723,0.599482
846.0000,0.275723,0.599482
844.0000,0.271206,0.598029
842.0000,0.263003,0.600439
840.0000,0.263003,0.600439
838.0000,0.263003,0.600439
836.0000,0.269212,0.602780
834.0000,0.264884,0.600499
832.0000,0.264884,0.600499
830.0000,0.265682,0.599888
828.0000,0.252762,0.601553
826.0000,0.258975,0.599834
824.0000,0.258975,0.599834
822.0000,0.258975,0.599834
820.0000,0.244589,0.600863
818.0000,0.251925,0.602139
816.0000,0.251925,0.602139
814.0000,0.251925,0.602139
812.0000,0.240174,0.604566
810.0000,0.237334,0.603552
808.0000,0.237920,0.603047
806.0000,0.237920,0.603047
804.0000,0.235380,0.606047
802.0000,0.235083,0.604436
800.0000,0.235083,0.604436
798.0000,0.235083,0.604436
796.0000,0.230935,0.606297
794.0000,0.224025,0.608947
792.0000,0.224025,0.608947
790.0000,0.224025,0.608947
788.0000,0.220020,0.609779
786.0000,0.220755,0.610762
784.0000,0.220755,0.610762
782.0000,0.220755,0.610762
780.0000,0.215508,0.611899
778.0000,0.210951,0.613717
776.0000,0.210951,0.613717
774.0000,0.210951,0.613717
772.0000,0.203883,0.616077
770.0000,0.208442,0.615824
768.0000,0.208383,0.615411
766.0000,0.208383,0.615411
764.0000,0.205355,0.618228
762.0000,0.202623,0.620625
760.0000,0.202623,0.620625
758.0000,0.202623,0.620625
756.0000,0.196126,0.623083
754.0000,0.199559,0.623396
752.0000,0.199559,0.623396
750.0000,0.199540,0.622982
748.0000,0.200858,0.624881
746.0000,0.198710,0.625622
744.0000,0.198710,0.625622
742.0000,0.198710,0.625622
740.0000,0.196185,0.627657
738.0000,0.196974,0.628454
736.0000,0.196974,0.628454
734.0000,0.196974,0.628454
732.0000,0.197673,0.629419
730.0000,0.192583,0.630100
728.0000,0.192583,0.630100
726.0000,0.192583,0.630100
724.0000,0.195073,0.630487
722.0000,0.183954,0.634114
720.0000,0.183954,0.634114
718.0000,0.183954,0.634114
716.0000,0.184990,0.633245
714.0000,0.184332,0.633546
712.0000,0.184332,0.633546
710.0000,0.184332,0.633546
708.0000,0.182277,0.633539
706.0000,0.179752,0.635791
704.0000,0.179752,0.635791
702.0000,0.179752,0.635791
700.0000,0.172667,0.637114
698.0000,0.179160,0.636278
696.0000,0.178554,0.636042
694.0000,0.178554,0.636042
692.0000,0.176000,0.635791
690.0000,0.172904,0.636512
688.0000,0.172904,0.636512
686.0000,0.172904,0.636512
684.0000,0.170114,0.636973
682.0000,0.158990,0.640274
680.0000,0.158794,0.640058
678.0000,0.158794,0.640058
676.0000,0.161533,0.639180
674.0000,0.158730,0.640042
672.0000,0.158730,0.640042
670.0000,0.158730,0.640042
668.0000,0.156391,0.640649
666.0000,0.155888,0.640272
664.0000,0.155395,0.640058
662.0000,0.155395,0.640058
660.0000,0.153405,0.641369
658.0000,0.152407,0.641478
656.0000,0.152407,0.641478
654.0000,0.152407,0.641478
652.0000,0.153231,0.642732
650.0000,0.151920,0.642892
648.0000,0.151920,0.642892
646.0000,0.151920,0.642892
644.0000,0.152008,0.641782
642.0000,0.151806,0.641628
640.0000,0.151806,0.641628
638.0000,0.151806,0.641628
636.0000,0.150651,0.642444
634.0000,0.150672,0.643282
632.0000,0.150672,0.643282
630.0000,0.150672,0.643282
628.0000,0.150798,0.644353
626.0000,0.151357,0.644877
624.0000,0.151357,0.644877
622.0000,0.150835,0.644703
620.0000,0.150303,0.644122
618.0000,0.150241,0.644355
616.0000,0.150241,0.644355
614.0000,0.150241,0.644355
612.0000,0.150204,0.644105
610.0000,0.150389,0.644451
608.0000,0.149777,0.644271
606.0000,0.149777,0.644271
604.0000,0.149959,0.644973
602.0000,0.149897,0.645324
600.0000,0.149897,0.645324
